{
  "protocol_version" : "0.0.5",
  "configuration" : {
    "version" : "(6.8.0.105) (Debian 6.8.0.105+dfsg-3.2)",
    "tlc" : "__thread",
    "sigsgev" : "altstack",
    "notifications" : "epoll",
    "architecture" : "amd64",
    "disabled_features" : "none",
    "smallconfig" : "disabled",
    "bigarrays" : "disabled",
    "softdebug" : "enabled",
    "interpreter" : "enabled",
    "llvm_support" : "disabled",
    "suspend" : "hybrid"
  },
  "memory" : {
    "minor_gc_time" : "21705",
    "major_gc_time" : "0",
    "minor_gc_count" : "3",
    "major_gc_count" : "0",
    "major_gc_time_concurrent" : "0"
 },
  "threads" : [
 {
    "is_managed" : true,
    "offset_free_hash" : "0x3ac153081",
    "offset_rich_hash" : "0x3ac153438",
    "crashed" : false,
    "native_thread_id" : "0x7f160affa640",
    "thread_info_addr" : "0x7f15e80008e0",
    "thread_name" : "mono",
    "ctx" : {
      "IP" : "0x7f162fe0a9cc",
      "SP" : "0x7f160aff9350",
      "BP" : "0x9"
  },
    "managed_frames" : [
  {
      "is_managed" : "false",
      "native_address" : "unregistered"
   }
,
  {
      "is_managed" : "true",
      "guid" : "A85C1A57-0F9A-4F9F-9C3D-2CFA5504E34F",
      "token" : "0x00000",
      "native_offset" : "0x0",
      "filename" : "System.dll",
      "sizeofimage" : "0x2ac000",
      "timestamp" : "0x0",
      "il_offset" : "0x00000"
   }
,
  {
      "is_managed" : "true",
      "guid" : "A85C1A57-0F9A-4F9F-9C3D-2CFA5504E34F",
      "token" : "0x6000022",
      "native_offset" : "0x0",
      "filename" : "System.dll",
      "sizeofimage" : "0x2ac000",
      "timestamp" : "0x0",
      "il_offset" : "0x00012"
   }
,
  {
      "is_managed" : "true",
      "guid" : "A85C1A57-0F9A-4F9F-9C3D-2CFA5504E34F",
      "token" : "0x600117a",
      "native_offset" : "0x0",
      "filename" : "System.dll",
      "sizeofimage" : "0x2ac000",
      "timestamp" : "0x0",
      "il_offset" : "0x00029"
   }
,
  {
      "is_managed" : "true",
      "guid" : "A85C1A57-0F9A-4F9F-9C3D-2CFA5504E34F",
      "token" : "0x6001179",
      "native_offset" : "0x0",
      "filename" : "System.dll",
      "sizeofimage" : "0x2ac000",
      "timestamp" : "0x0",
      "il_offset" : "0x00352"
   }
,
  {
      "is_managed" : "true",
      "guid" : "A85C1A57-0F9A-4F9F-9C3D-2CFA5504E34F",
      "token" : "0x600117c",
      "native_offset" : "0x0",
      "filename" : "System.dll",
      "sizeofimage" : "0x2ac000",
      "timestamp" : "0x0",
      "il_offset" : "0x00000"
   }
,
  {
      "is_managed" : "true",
      "guid" : "12B418A7-818C-4CA0-893F-EEAAF67F1E7F",
      "token" : "0x00000",
      "native_offset" : "0x0",
      "filename" : "mscorlib.dll",
      "sizeofimage" : "0x49e000",
      "timestamp" : "0x0",
      "il_offset" : "0x0002a"
   }

  ],
  "unmanaged_frames" : [
 {
    "is_managed" : "false",
    "native_address" : "0x565485799182",
    "native_offset" : "0x00000"
  }
,
 {
    "is_managed" : "false",
    "native_address" : "0x5654859b123b",
    "native_offset" : "0x00000"
  }
,
 {
    "is_managed" : "false",
    "native_address" : "0x5654859b948e",
    "native_offset" : "0x00000"
  }
,
 {
    "is_managed" : "false",
    "native_address" : "0x5654857cdc9f",
    "native_offset" : "0x00000"
  }
,
 {
    "is_managed" : "false",
    "native_address" : "0x7f162fd38520",
    "native_offset" : "0x00000"
  }
,
 {
    "is_managed" : "false",
    "native_address" : "0x7f162fe0a9cc",
    "native_offset" : "0x00000"
  }
,
 {
    "is_managed" : "false",
    "native_address" : "0x7f162743ed8f",
    "native_offset" : "0x00000"
  }
,
 {
    "is_managed" : "false",
    "native_address" : "0x7f162743ee66",
    "native_offset" : "0x00000"
  }
,
 {
    "is_managed" : "true",
    "guid" : "A85C1A57-0F9A-4F9F-9C3D-2CFA5504E34F",
    "token" : "0x00000",
    "native_offset" : "0x0",
    "filename" : "System.dll",
    "sizeofimage" : "0x2ac000",
    "timestamp" : "0x0",
    "il_offset" : "0x00000"
  }

 ]
},
{
  "is_managed" : true,
  "offset_free_hash" : "0x15b1c48ca",
  "offset_rich_hash" : "0x15b1c48f4",
  "crashed" : false,
  "native_thread_id" : "0x7f16265ff640",
  "thread_info_addr" : "0x7f1620014290",
  "thread_name" : "Timer-Scheduler",
  "ctx" : {
    "IP" : "0x7f162fd87197",
    "SP" : "0x7f16265fded0",
    "BP" : "0x5654863d8cc0"
 },
  "managed_frames" : [
 {
    "is_managed" : "false",
    "native_address" : "unregistered"
  }
,
 {
    "is_managed" : "true",
    "guid" : "12B418A7-818C-4CA0-893F-EEAAF67F1E7F",
    "token" : "0x00000",
    "native_offset" : "0x0",
    "filename" : "mscorlib.dll",
    "sizeofimage" : "0x49e000",
    "timestamp" : "0x0",
    "il_offset" : "0x00000"
  }
,
 {
    "is_managed" : "true",
    "guid" : "12B418A7-818C-4CA0-893F-EEAAF67F1E7F",
    "token" : "0x00000",
    "native_offset" : "0x0",
    "filename" : "mscorlib.dll",
    "sizeofimage" : "0x49e000",
    "timestamp" : "0x0",
    "il_offset" : "0x0002a"
  }

 ],
"unmanaged_frames" : [
{
  "is_managed" : "false",
  "native_address" : "0x565485799182",
  "native_offset" : "0x00000"
 }
,
{
  "is_managed" : "false",
  "native_address" : "0x5654859b123b",
  "native_offset" : "0x00000"
 }
,
{
  "is_managed" : "false",
  "native_address" : "0x5654859b948e",
  "native_offset" : "0x00000"
 }
,
{
  "is_managed" : "false",
  "native_address" : "0x5654857cdc9f",
  "native_offset" : "0x00000"
 }
,
{
  "is_managed" : "false",
  "native_address" : "0x7f162fd38520",
  "native_offset" : "0x00000"
 }
,
{
  "is_managed" : "false",
  "native_address" : "0x7f162fd87197",
  "native_offset" : "0x00000"
 }
,
{
  "is_managed" : "false",
  "native_address" : "0x7f162fd89ac1",
  "native_offset" : "0x00000"
 }
,
{
  "is_managed" : "false",
  "native_address" : "0x565485a7d34d",
  "native_offset" : "0x00000"
 }
,
{
  "is_managed" : "false",
  "native_address" : "0x565485a9e30e",
  "native_offset" : "0x00000"
 }
,
{
  "is_managed" : "false",
  "native_address" : "0x5654859dc8b8",
  "native_offset" : "0x00000"
 }
,
{
  "is_managed" : "false",
  "native_address" : "0x565485a9df62",
  "native_offset" : "0x00000"
 }
,
{
  "is_managed" : "false",
  "native_address" : "0x5654859454a5",
  "native_offset" : "0x00000"
 }
,
{
  "is_managed" : "true",
  "guid" : "12B418A7-818C-4CA0-893F-EEAAF67F1E7F",
  "token" : "0x00000",
  "native_offset" : "0x0",
  "filename" : "mscorlib.dll",
  "sizeofimage" : "0x49e000",
  "timestamp" : "0x0",
  "il_offset" : "0x00000"
 }

]
},
{
"is_managed" : true,
"offset_free_hash" : "0x74fd7113",
"offset_rich_hash" : "0x74fd7860",
"crashed" : false,
"native_thread_id" : "0x7f162fcf1780",
"thread_info_addr" : "0x5654863e2950",
"thread_name" : "mono",
"ctx" : {
  "IP" : "0x7f16279f7378",
  "SP" : "0x7ffe9ade5e60",
  "BP" : "0x1"
},
"managed_frames" : [
{
  "is_managed" : "false",
  "native_address" : "unregistered"
 }
,
{
  "is_managed" : "true",
  "guid" : "91487213-BF39-4F4A-AF87-012594ABED2F",
  "token" : "0x00000",
  "native_offset" : "0x0",
  "filename" : "gtk-sharp.dll",
  "sizeofimage" : "0x162000",
  "timestamp" : "0x0",
  "il_offset" : "0x0000c"
 }
,
{
  "is_managed" : "true",
  "guid" : "91487213-BF39-4F4A-AF87-012594ABED2F",
  "token" : "0x6004129",
  "native_offset" : "0x0",
  "filename" : "gtk-sharp.dll",
  "sizeofimage" : "0x162000",
  "timestamp" : "0x0",
  "il_offset" : "0x00000"
 }
,
{
  "is_managed" : "true",
  "guid" : "EC18755D-4CAC-4C61-AEDE-FF7956353145",
  "token" : "0x6000001",
  "native_offset" : "0x0",
  "filename" : "bless.exe",
  "sizeofimage" : "0xa000",
  "timestamp" : "0x0",
  "il_offset" : "0x00717"
 }
,
{
  "is_managed" : "true",
  "guid" : "EC18755D-4CAC-4C61-AEDE-FF7956353145",
  "token" : "0x6000002",
  "native_offset" : "0x0",
  "filename" : "bless.exe",
  "sizeofimage" : "0xa000",
  "timestamp" : "0x0",
  "il_offset" : "0x00000"
 }
,
{
  "is_managed" : "true",
  "guid" : "EC18755D-4CAC-4C61-AEDE-FF7956353145",
  "token" : "0x00000",
  "native_offset" : "0x0",
  "filename" : "bless.exe",
  "sizeofimage" : "0xa000",
  "timestamp" : "0x0",
  "il_offset" : "0x0002a"
 }

],
"unmanaged_frames" : [
{
"is_managed" : "false",
"native_address" : "0x565485799182",
"native_offset" : "0x00000"
}
,
{
"is_managed" : "false",
"native_address" : "0x5654859b123b",
"native_offset" : "0x00000"
}
,
{
"is_managed" : "false",
"native_address" : "0x5654859b948e",
"native_offset" : "0x00000"
}
,
{
"is_managed" : "false",
"native_address" : "0x5654857cdc9f",
"native_offset" : "0x00000"
}
,
{
"is_managed" : "false",
"native_address" : "0x7f162fd38520",
"native_offset" : "0x00000"
}
,
{
"is_managed" : "false",
"native_address" : "0x7f16279f7378",
"native_offset" : "0x00000"
}
,
{
"is_managed" : "false",
"native_address" : "0x7f16279ff957",
"native_offset" : "0x00000"
}
,
{
"is_managed" : "false",
"native_address" : "0x7f162c0edaf8",
"native_offset" : "0x00000"
}
,
{
"is_managed" : "false",
"native_address" : "0x7f162c2154a7",
"native_offset" : "0x00000"
}
,
{
"is_managed" : "false",
"native_address" : "0x7f162c24eca3",
"native_offset" : "0x00000"
}
,
{
"is_managed" : "false",
"native_address" : "0x7f162c2d04d7",
"native_offset" : "0x00000"
}
,
{
"is_managed" : "false",
"native_address" : "0x7f1627b0dc6c",
"native_offset" : "0x00000"
}
,
{
"is_managed" : "false",
"native_address" : "0x7f1627b29624",
"native_offset" : "0x00000"
}
,
{
"is_managed" : "false",
"native_address" : "0x7f1627b2b026",
"native_offset" : "0x00000"
}
,
{
"is_managed" : "false",
"native_address" : "0x7f1627b2b863",
"native_offset" : "0x00000"
}
,
{
"is_managed" : "false",
"native_address" : "0x7f162c3fc024",
"native_offset" : "0x00000"
}
,
{
"is_managed" : "false",
"native_address" : "0x7f162c2503cc",
"native_offset" : "0x00000"
}
,
{
"is_managed" : "false",
"native_address" : "0x7f162c2154db",
"native_offset" : "0x00000"
}
,
{
"is_managed" : "false",
"native_address" : "0x7f162c24eca3",
"native_offset" : "0x00000"
}
,
{
"is_managed" : "false",
"native_address" : "0x7f162c2d04d7",
"native_offset" : "0x00000"
}
,
{
"is_managed" : "false",
"native_address" : "0x7f1627b0dc6c",
"native_offset" : "0x00000"
}
,
{
"is_managed" : "false",
"native_address" : "0x7f1627b29624",
"native_offset" : "0x00000"
}
,
{
"is_managed" : "false",
"native_address" : "0x7f1627b2b026",
"native_offset" : "0x00000"
}
,
{
"is_managed" : "false",
"native_address" : "0x7f1627b2b863",
"native_offset" : "0x00000"
}
,
{
"is_managed" : "false",
"native_address" : "0x7f162c3fc024",
"native_offset" : "0x00000"
}
,
{
"is_managed" : "false",
"native_address" : "0x7f162c2503cc",
"native_offset" : "0x00000"
}
,
{
"is_managed" : "false",
"native_address" : "0x7f162c24eca3",
"native_offset" : "0x00000"
}
,
{
"is_managed" : "false",
"native_address" : "0x7f162c2d04d7",
"native_offset" : "0x00000"
}
,
{
"is_managed" : "false",
"native_address" : "0x7f1627b0dd2f",
"native_offset" : "0x00000"
}
,
{
"is_managed" : "false",
"native_address" : "0x7f1627b29624",
"native_offset" : "0x00000"
}
,
{
"is_managed" : "false",
"native_address" : "0x7f1627b2b026",
"native_offset" : "0x00000"
}
,
{
"is_managed" : "false",
"native_address" : "0x7f1627b2b863",
"native_offset" : "0x00000"
}
,
{
"is_managed" : "false",
"native_address" : "0x7f162c3fc024",
"native_offset" : "0x00000"
}
,
{
"is_managed" : "false",
"native_address" : "0x7f162c2d01c3",
"native_offset" : "0x00000"
}
,
{
"is_managed" : "false",
"native_address" : "0x7f162c11b4c9",
"native_offset" : "0x00000"
}
,
{
"is_managed" : "false",
"native_address" : "0x7f162c111155",
"native_offset" : "0x00000"
}
,
{
"is_managed" : "false",
"native_address" : "0x7f162c1118e8",
"native_offset" : "0x00000"
}
,
{
"is_managed" : "false",
"native_address" : "0x7f162c24e809",
"native_offset" : "0x00000"
}
,
{
"is_managed" : "false",
"native_address" : "0x7f162c0ed409",
"native_offset" : "0x00000"
}
,
{
"is_managed" : "false",
"native_address" : "0x7f1627a14c44",
"native_offset" : "0x00000"
}
,
{
"is_managed" : "false",
"native_address" : "0x7f1627a696c8",
"native_offset" : "0x00000"
}
,
{
"is_managed" : "false",
"native_address" : "0x7f1627a142b3",
"native_offset" : "0x00000"
}
,
{
"is_managed" : "false",
"native_address" : "0x7f162c2cd2d2",
"native_offset" : "0x00000"
}
,
{
"is_managed" : "true",
"guid" : "91487213-BF39-4F4A-AF87-012594ABED2F",
"token" : "0x00000",
"native_offset" : "0x0",
"filename" : "gtk-sharp.dll",
"sizeofimage" : "0x162000",
"timestamp" : "0x0",
"il_offset" : "0x00000"
}

]
},
{
"is_managed" : true,
"offset_free_hash" : "0xd4716fb0",
"offset_rich_hash" : "0xd471709b",
"crashed" : true,
"native_thread_id" : "0x7f162f663640",
"thread_info_addr" : "0x7f1628000b70",
"thread_name" : "Finalizer",
"ctx" : {
"IP" : "0x7f162fd8ca7c",
"SP" : "0x7f162f662600",
"BP" : "0x2ac2"
},
"managed_frames" : [
{
"is_managed" : "false",
"native_address" : "unregistered"
}
,
{
"is_managed" : "true",
"guid" : "918680A3-1AA8-4CB8-9CFA-7CAB56EA29B8",
"token" : "0x00000",
"native_offset" : "0x0",
"filename" : "glib-sharp.dll",
"sizeofimage" : "0x1c000",
"timestamp" : "0x0",
"il_offset" : "0x0000c"
}
,
{
"is_managed" : "true",
"guid" : "918680A3-1AA8-4CB8-9CFA-7CAB56EA29B8",
"token" : "0x60000f9",
"native_offset" : "0x0",
"filename" : "glib-sharp.dll",
"sizeofimage" : "0x1c000",
"timestamp" : "0x0",
"il_offset" : "0x000b5"
}
,
{
"is_managed" : "true",
"guid" : "918680A3-1AA8-4CB8-9CFA-7CAB56EA29B8",
"token" : "0x60000fe",
"native_offset" : "0x0",
"filename" : "glib-sharp.dll",
"sizeofimage" : "0x1c000",
"timestamp" : "0x0",
"il_offset" : "0x00000"
}
,
{
"is_managed" : "true",
"guid" : "918680A3-1AA8-4CB8-9CFA-7CAB56EA29B8",
"token" : "0x60000e8",
"native_offset" : "0x0",
"filename" : "glib-sharp.dll",
"sizeofimage" : "0x1c000",
"timestamp" : "0x0",
"il_offset" : "0x00000"
}
,
{
"is_managed" : "true",
"guid" : "12B418A7-818C-4CA0-893F-EEAAF67F1E7F",
"token" : "0x00000",
"native_offset" : "0x0",
"filename" : "mscorlib.dll",
"sizeofimage" : "0x49e000",
"timestamp" : "0x0",
"il_offset" : "0x0002a"
}

],
"unmanaged_frames" : [
{
"is_managed" : "false",
"native_address" : "0x565485799182",
"native_offset" : "0x00000"
}
,
{
"is_managed" : "false",
"native_address" : "0x5654859b123b",
"native_offset" : "0x00000"
}
,
{
"is_managed" : "false",
"native_address" : "0x5654859b948e",
"native_offset" : "0x00000"
}
,
{
"is_managed" : "false",
"native_address" : "0x565485aa82a0",
"native_offset" : "0x00000"
}
,
{
"is_managed" : "false",
"native_address" : "0x565485aa8661",
"native_offset" : "0x00000"
}
,
{
"is_managed" : "false",
"native_address" : "0x565485799c0e",
"native_offset" : "0x00000"
}
,
{
"is_managed" : "false",
"native_address" : "0x5654857cdb1e",
"native_offset" : "0x00000"
}
,
{
"is_managed" : "false",
"native_address" : "0x7f162fd38520",
"native_offset" : "0x00000"
}
,
{
"is_managed" : "false",
"native_address" : "0x7f162fd8ca7c",
"native_offset" : "0x00000"
}
,
{
"is_managed" : "false",
"native_address" : "0x7f162fd38476",
"native_offset" : "0x00000"
}
,
{
"is_managed" : "false",
"native_address" : "0x7f162fd1e7f3",
"native_offset" : "0x00000"
}
,
{
"is_managed" : "false",
"native_address" : "0x7f162fd7f6f6",
"native_offset" : "0x00000"
}
,
{
"is_managed" : "false",
"native_address" : "0x7f162fd96d7c",
"native_offset" : "0x00000"
}
,
{
"is_managed" : "false",
"native_address" : "0x7f162fd98ac4",
"native_offset" : "0x00000"
}
,
{
"is_managed" : "false",
"native_address" : "0x7f162fd9b4d3",
"native_offset" : "0x00000"
}
,
{
"is_managed" : "true",
"guid" : "918680A3-1AA8-4CB8-9CFA-7CAB56EA29B8",
"token" : "0x00000",
"native_offset" : "0x0",
"filename" : "glib-sharp.dll",
"sizeofimage" : "0x1c000",
"timestamp" : "0x0",
"il_offset" : "0x00000"
}

]
},
{
"is_managed" : true,
"offset_free_hash" : "0x3ac153081",
"offset_rich_hash" : "0x3ac153438",
"crashed" : false,
"native_thread_id" : "0x7f160b7fe640",
"thread_info_addr" : "0x7f161c00eb30",
"thread_name" : "mono",
"ctx" : {
"IP" : "0x7f162fe0a9cc",
"SP" : "0x7f160b7fd350",
"BP" : "0x10"
},
"managed_frames" : [
{
"is_managed" : "false",
"native_address" : "unregistered"
}
,
{
"is_managed" : "true",
"guid" : "A85C1A57-0F9A-4F9F-9C3D-2CFA5504E34F",
"token" : "0x00000",
"native_offset" : "0x0",
"filename" : "System.dll",
"sizeofimage" : "0x2ac000",
"timestamp" : "0x0",
"il_offset" : "0x00000"
}
,
{
"is_managed" : "true",
"guid" : "A85C1A57-0F9A-4F9F-9C3D-2CFA5504E34F",
"token" : "0x6000022",
"native_offset" : "0x0",
"filename" : "System.dll",
"sizeofimage" : "0x2ac000",
"timestamp" : "0x0",
"il_offset" : "0x00012"
}
,
{
"is_managed" : "true",
"guid" : "A85C1A57-0F9A-4F9F-9C3D-2CFA5504E34F",
"token" : "0x600117a",
"native_offset" : "0x0",
"filename" : "System.dll",
"sizeofimage" : "0x2ac000",
"timestamp" : "0x0",
"il_offset" : "0x00029"
}
,
{
"is_managed" : "true",
"guid" : "A85C1A57-0F9A-4F9F-9C3D-2CFA5504E34F",
"token" : "0x6001179",
"native_offset" : "0x0",
"filename" : "System.dll",
"sizeofimage" : "0x2ac000",
"timestamp" : "0x0",
"il_offset" : "0x00352"
}
,
{
"is_managed" : "true",
"guid" : "A85C1A57-0F9A-4F9F-9C3D-2CFA5504E34F",
"token" : "0x600117c",
"native_offset" : "0x0",
"filename" : "System.dll",
"sizeofimage" : "0x2ac000",
"timestamp" : "0x0",
"il_offset" : "0x00000"
}
,
{
"is_managed" : "true",
"guid" : "12B418A7-818C-4CA0-893F-EEAAF67F1E7F",
"token" : "0x00000",
"native_offset" : "0x0",
"filename" : "mscorlib.dll",
"sizeofimage" : "0x49e000",
"timestamp" : "0x0",
"il_offset" : "0x0002a"
}

],
"unmanaged_frames" : [
{
"is_managed" : "false",
"native_address" : "0x565485799182",
"native_offset" : "0x00000"
}
,
{
"is_managed" : "false",
"native_address" : "0x5654859b123b",
"native_offset" : "0x00000"
}
,
{
"is_managed" : "false",
"native_address" : "0x5654859b948e",
"native_offset" : "0x00000"
}
,
{
"is_managed" : "false",
"native_address" : "0x5654857cdc9f",
"native_offset" : "0x00000"
}
,
{
"is_managed" : "false",
"native_address" : "0x7f162fd38520",
"native_offset" : "0x00000"
}
,
{
"is_managed" : "false",
"native_address" : "0x7f162fe0a9cc",
"native_offset" : "0x00000"
}
,
{
"is_managed" : "false",
"native_address" : "0x7f162743ed8f",
"native_offset" : "0x00000"
}
,
{
"is_managed" : "false",
"native_address" : "0x7f162743ee66",
"native_offset" : "0x00000"
}
,
{
"is_managed" : "true",
"guid" : "A85C1A57-0F9A-4F9F-9C3D-2CFA5504E34F",
"token" : "0x00000",
"native_offset" : "0x0",
"filename" : "System.dll",
"sizeofimage" : "0x2ac000",
"timestamp" : "0x0",
"il_offset" : "0x00000"
}

]
}
]
}